time_sec,x,y,yaw
22.140,0.0000,-0.0000,-0.0000
22.740,0.0526,-0.0043,-0.1384
23.060,0.1019,-0.0137,-0.2384
23.380,0.1504,-0.0280,-0.3336
23.700,0.1974,-0.0468,-0.4273
24.020,0.2424,-0.0699,-0.5216
24.340,0.2850,-0.0971,-0.6169
24.660,0.3245,-0.1282,-0.7155
25.000,0.3625,-0.1650,-0.8270
25.340,0.3957,-0.2056,-0.9449
25.680,0.4235,-0.2495,-1.0689
26.020,0.4454,-0.2964,-1.1967
26.360,0.4610,-0.3453,-1.3283
26.700,0.4700,-0.3959,-1.4608
27.040,0.4722,-0.4472,-1.5933
27.380,0.4677,-0.4982,-1.7278
27.720,0.4563,-0.5476,-1.8684
28.080,0.4369,-0.5966,-2.0308
28.440,0.4103,-0.6400,-2.2166
28.840,0.3740,-0.6777,-2.4808
29.280,0.3283,-0.7015,-2.8504
29.720,0.2774,-0.7068,3.0588
30.160,0.2281,-0.6931,2.6848
30.540,0.1856,-0.6645,2.4714
30.880,0.1476,-0.6305,2.3524
31.220,0.1140,-0.5923,2.2334
31.560,0.0850,-0.5503,2.1144
31.900,0.0613,-0.5052,1.9954
32.240,0.0431,-0.4576,1.8764
32.580,0.0307,-0.4082,1.7574
32.920,0.0242,-0.3576,1.6384
33.260,0.0238,-0.3066,1.5194
33.600,0.0295,-0.2560,1.4004
33.960,0.0425,-0.2058,1.2282
34.320,0.0642,-0.1582,1.0607
34.680,0.0935,-0.1146,0.8961
35.040,0.1297,-0.0762,0.7347
35.400,0.1715,-0.0442,0.5714
35.780,0.2170,-0.0209,0.3388
36.220,0.2676,-0.0132,-0.0352
36.660,0.3175,-0.0245,-0.4089
37.060,0.3598,-0.0512,-0.7025
37.440,0.3947,-0.0888,-0.9325
37.800,0.4207,-0.1321,-1.1237
38.160,0.4385,-0.1801,-1.3059
38.520,0.4475,-0.2308,-1.4849
38.880,0.4472,-0.2820,-1.6679
39.240,0.4376,-0.3316,-1.8591
39.620,0.4177,-0.3792,-2.0842
40.040,0.3859,-0.4202,-2.4010
40.480,0.3424,-0.4471,-2.7750
40.920,0.2920,-0.4563,3.1341
41.360,0.2418,-0.4464,2.7601
41.740,0.1966,-0.4210,2.5558
42.080,0.1559,-0.3904,2.4368
42.420,0.1191,-0.3551,2.3178
42.760,0.0868,-0.3157,2.1988
43.100,0.0593,-0.2727,2.0798
43.440,0.0372,-0.2268,1.9608
43.780,0.0206,-0.1786,1.8418
44.120,0.0099,-0.1288,1.7228
44.460,0.0052,-0.0780,1.6038
44.800,0.0066,-0.0271,1.4848
45.140,0.0140,0.0234,1.3658
45.480,0.0273,0.0726,1.2468
45.820,0.0464,0.1198,1.1278
46.160,0.0709,0.1645,1.0088
46.500,0.1006,0.2059,0.8898
46.840,0.1350,0.2435,0.7708
47.180,0.1736,0.2768,0.6518
47.520,0.2159,0.3053,0.5328
47.860,0.2612,0.3285,0.4138
48.200,0.3091,0.3462,0.2948
48.540,0.3586,0.3581,0.1758
48.880,0.4083,0.3639,0.0598
50.520,0.4412,0.4046,0.8321
50.860,0.4777,0.4402,0.7131
51.200,0.5182,0.4711,0.5941
53.220,0.5565,0.5035,1.6970
53.560,0.5473,0.5549,1.8112
53.920,0.5308,0.6045,1.9795
54.260,0.5065,0.6512,2.0693
54.660,0.4870,0.6988,1.7945
55.080,0.4846,0.7492,1.4636
55.420,0.4937,0.8016,1.3571
55.720,0.5052,0.8529,1.3519
56.020,0.5154,0.9030,1.3910
56.380,0.5270,0.9536,1.2350
56.740,0.5492,1.0007,1.0671
57.060,0.5764,1.0460,1.0033
57.360,0.6052,1.0900,0.9848
57.660,0.6340,1.1322,0.9460
59.320,0.6486,1.1819,1.6715
59.660,0.6465,1.2328,1.5525
60.000,0.6505,1.2836,1.4335
60.340,0.6604,1.3336,1.3145
62.460,0.6311,1.3742,2.6281
62.820,0.5841,1.3956,2.8049
63.160,0.5342,1.4087,2.9238
63.480,0.4844,1.4213,2.8406
63.860,0.4372,1.4413,2.6104
64.300,0.3981,1.4754,2.2472
64.660,0.3696,1.5192,2.0820
64.960,0.3461,1.5642,2.0401
65.260,0.3219,1.6113,2.0547
65.560,0.2979,1.6559,2.0522
65.960,0.2796,1.7034,1.7708
66.320,0.2753,1.7535,1.5794
66.640,0.2767,1.8067,1.5213
66.940,0.2798,1.8596,1.5078
67.220,0.2830,1.9097,1.5048
67.500,0.2864,1.9598,1.5029
67.800,0.2902,2.0127,1.4900
68.140,0.2973,2.0635,1.3568
73.460,0.3143,2.0159,-1.3125
73.800,0.3308,1.9679,-1.1712
74.140,0.3542,1.9206,-1.0589
74.460,0.3818,1.8753,-0.9976
74.760,0.4107,1.8314,-0.9814
75.060,0.4394,1.7878,-1.0058
75.380,0.4660,1.7427,-1.0768
75.700,0.4878,1.6973,-1.1742
76.040,0.5053,1.6477,-1.2896
76.380,0.5167,1.5968,-1.4111
76.720,0.5218,1.5449,-1.5332
77.060,0.5207,1.4927,-1.6532
77.400,0.5132,1.4410,-1.7746
77.740,0.4996,1.3908,-1.8977
78.080,0.4799,1.3429,-2.0237
78.420,0.4544,1.2981,-2.1533
78.760,0.4234,1.2571,-2.2858
79.100,0.3873,1.2208,-2.4206
79.440,0.3468,1.1898,-2.5568
79.780,0.3025,1.1647,-2.6960
80.120,0.2555,1.1462,-2.8385
80.480,0.2040,1.1345,-3.0000
80.840,0.1525,1.1317,3.1056
81.220,0.1017,1.1390,2.8763
81.660,0.0546,1.1611,2.5143
82.100,0.0193,1.1985,2.1435
82.520,-0.0015,1.2466,1.8337
82.900,-0.0091,1.2977,1.6095
83.280,-0.0057,1.3494,1.3871
83.720,0.0128,1.3971,1.0131
84.160,0.0475,1.4347,0.6391
84.600,0.0936,1.4571,0.2651
85.040,0.1446,1.4611,-0.1089
85.480,0.1935,1.4462,-0.4829
85.920,0.2340,1.4141,-0.8443
86.260,0.2655,1.3740,-0.9633
86.600,0.2921,1.3305,-1.0823
86.940,0.3133,1.2842,-1.2013
87.280,0.3288,1.2356,-1.3203
87.620,0.3382,1.1865,-1.4592
87.980,0.3395,1.1342,-1.6275
88.320,0.3329,1.0845,-1.7758
88.660,0.3191,1.0359,-1.9187
89.000,0.2985,0.9897,-2.0613
89.340,0.2717,0.9471,-2.2074
89.680,0.2390,0.9092,-2.3569
90.040,0.1987,0.8749,-2.5169
90.400,0.1536,0.8477,-2.6796
90.760,0.1050,0.8283,-2.8478
91.120,0.0549,0.8179,-3.0296
91.500,0.0030,0.8176,3.0324
91.920,-0.0468,0.8308,2.7095
92.360,-0.0885,0.8605,2.3355
92.800,-0.1164,0.9033,1.9615
93.240,-0.1268,0.9535,1.5875
93.680,-0.1181,1.0039,1.2135
94.120,-0.0916,1.0477,0.8395
94.560,-0.0509,1.0788,0.4655
95.000,-0.0017,1.0928,0.0915
95.440,0.0492,1.0880,-0.2825
95.860,0.0965,1.0646,-0.5754
96.200,0.1376,1.0344,-0.6944
96.540,0.1747,0.9995,-0.8134
96.880,0.2075,0.9604,-0.9324
97.220,0.2354,0.9178,-1.0514
97.560,0.2580,0.8721,-1.1704
97.900,0.2750,0.8240,-1.2894
98.240,0.2863,0.7743,-1.4084
98.580,0.2915,0.7236,-1.5274
98.920,0.2907,0.6727,-1.6464
99.260,0.2838,0.6222,-1.7654
99.600,0.2710,0.5728,-1.8844
99.940,0.2524,0.5254,-2.0034
100.280,0.2283,0.4804,-2.1224
100.620,0.1991,0.4387,-2.2414
100.960,0.1651,0.4007,-2.3604
101.300,0.1268,0.3670,-2.4794
101.640,0.0848,0.3381,-2.5984
101.980,0.0397,0.3144,-2.7174
102.320,-0.0079,0.2963,-2.8364
102.660,-0.0573,0.2839,-2.9554
103.000,-0.1079,0.2774,-3.0744
103.340,-0.1589,0.2770,3.0898
103.680,-0.2095,0.2827,2.9708
104.020,-0.2591,0.2943,2.8518
104.360,-0.3070,0.3118,2.7328
104.700,-0.3525,0.3348,2.6138
105.040,-0.3949,0.3630,2.4948
105.380,-0.4337,0.3961,2.3758
105.720,-0.4683,0.4335,2.2568
110.440,-0.4395,0.3919,-0.8744
110.780,-0.4034,0.3533,-0.7615
111.120,-0.3631,0.3190,-0.6514
111.440,-0.3216,0.2904,-0.5538
111.760,-0.2771,0.2657,-0.4645
112.080,-0.2297,0.2442,-0.3892
112.380,-0.1827,0.2264,-0.3391
112.680,-0.1336,0.2100,-0.3089
112.980,-0.0826,0.1940,-0.3024
113.280,-0.0318,0.1780,-0.3121
113.580,0.0170,0.1615,-0.3455
113.880,0.0637,0.1433,-0.3975
114.200,0.1112,0.1214,-0.4697
114.520,0.1561,0.0963,-0.5519
114.840,0.1981,0.0678,-0.6432
115.160,0.2367,0.0357,-0.7434
115.500,0.2737,-0.0022,-0.8547
115.840,0.3056,-0.0436,-0.9739
116.180,0.3320,-0.0882,-1.1005
116.520,0.3522,-0.1354,-1.2330
116.860,0.3659,-0.1847,-1.3679
117.200,0.3728,-0.2353,-1.5037
117.540,0.3727,-0.2864,-1.6396
117.880,0.3657,-0.3367,-1.7792
118.220,0.3518,-0.3850,-1.9268
118.580,0.3296,-0.4321,-2.0973
118.960,0.2989,-0.4747,-2.3104
119.380,0.2591,-0.5068,-2.6377
119.820,0.2105,-0.5227,-3.0117
120.260,0.1594,-0.5198,2.8974
120.700,0.1129,-0.4984,2.5234
121.060,0.0725,-0.4647,2.3836
121.400,0.0376,-0.4275,2.2646
121.740,0.0074,-0.3864,2.1456
122.080,-0.0177,-0.3421,2.0266
122.420,-0.0374,-0.2951,1.9076
122.760,-0.0513,-0.2460,1.7886
123.100,-0.0594,-0.1957,1.6696
123.440,-0.0614,-0.1448,1.5506
123.780,-0.0573,-0.0940,1.4316
124.120,-0.0472,-0.0440,1.3126
124.460,-0.0313,0.0044,1.1936
124.800,-0.0098,0.0506,1.0746
125.140,0.0171,0.0939,0.9556
125.480,0.0490,0.1337,0.8366
125.820,0.0853,0.1695,0.7176
126.160,0.1256,0.2006,0.5986
126.500,0.1694,0.2268,0.4796
126.840,0.2159,0.2476,0.3606
127.180,0.2646,0.2627,0.2416
127.520,0.3147,0.2719,0.1226
127.860,0.3656,0.2751,0.0036
128.200,0.4165,0.2723,-0.1154
128.540,0.4667,0.2634,-0.2344
128.880,0.5155,0.2486,-0.3534
129.220,0.5621,0.2282,-0.4724
129.560,0.6061,0.2023,-0.5914
129.900,0.6466,0.1715,-0.7104
130.240,0.6832,0.1360,-0.8294
130.580,0.7153,0.0964,-0.9484
130.920,0.7425,0.0533,-1.0674
131.260,0.7644,0.0073,-1.1864
131.600,0.7807,-0.0410,-1.3054
131.940,0.7911,-0.0909,-1.4244
133.780,0.8218,-0.1335,-0.5530
134.120,0.8636,-0.1628,-0.6720
134.460,0.9015,-0.1968,-0.7910
134.800,0.9351,-0.2351,-0.9100
135.140,0.9639,-0.2772,-1.0290
135.480,0.9876,-0.3223,-1.1480
137.520,1.0236,-0.3599,-0.1353
137.860,1.0736,-0.3698,-0.2543
138.200,1.1241,-0.3859,-0.3528
138.500,1.1712,-0.4031,-0.3210
138.840,1.2217,-0.4169,-0.2020
139.160,1.2712,-0.4268,-0.2477
139.580,1.3196,-0.4465,-0.5598
139.960,1.3581,-0.4793,-0.7930
140.260,1.3936,-0.5168,-0.8189
140.560,1.4284,-0.5533,-0.8230
140.940,1.4600,-0.5945,-1.0443
141.320,1.4809,-0.6433,-1.2451
141.620,1.4963,-0.6924,-1.2799
141.920,1.5116,-0.7435,-1.2751
142.260,1.5252,-0.7938,-1.3885
142.620,1.5298,-0.8457,-1.5579
142.940,1.5284,-0.8982,-1.6262
143.240,1.5246,-0.9497,-1.6574
143.540,1.5195,-1.0016,-1.6820
143.860,1.5124,-1.0540,-1.7465
144.200,1.5000,-1.1034,-1.8833
144.520,1.4821,-1.1507,-1.9780
144.840,1.4597,-1.1973,-2.0570
145.160,1.4335,-1.2428,-2.1268
145.480,1.4043,-1.2864,-2.1956
145.800,1.3723,-1.3276,-2.2675
146.120,1.3375,-1.3661,-2.3455
146.440,1.3003,-1.4010,-2.4331
146.760,1.2604,-1.4321,-2.5277
147.080,1.2180,-1.4589,-2.6283
147.420,1.1707,-1.4821,-2.7431
147.760,1.1216,-1.4994,-2.8660
148.100,1.0711,-1.5102,-2.9943
152.060,1.1197,-1.5282,-0.2735
152.380,1.1710,-1.5407,-0.2090
152.680,1.2208,-1.5500,-0.1641
152.980,1.2715,-1.5574,-0.1262
153.280,1.3224,-1.5629,-0.0893
153.580,1.3735,-1.5665,-0.0510
153.880,1.4245,-1.5681,-0.0111
154.180,1.4754,-1.5676,0.0304
154.480,1.5262,-1.5650,0.0729
154.780,1.5768,-1.5602,0.1148
155.080,1.6273,-1.5534,0.1557
155.380,1.6776,-1.5444,0.1963
155.680,1.7274,-1.5335,0.2359
155.980,1.7772,-1.5206,0.2709
156.280,1.8268,-1.5059,0.3010
156.580,1.8766,-1.4898,0.3239
156.880,1.9265,-1.4726,0.3405
157.180,1.9767,-1.4545,0.3494
157.460,2.0238,-1.4373,0.3495
157.760,2.0740,-1.4192,0.3411
158.060,2.1238,-1.4020,0.3234
158.360,2.1734,-1.3860,0.2979
158.660,2.2229,-1.3716,0.2651
158.960,2.2723,-1.3593,0.2232
159.260,2.3216,-1.3494,0.1735
159.580,2.3744,-1.3417,0.1152
159.900,2.4269,-1.3373,0.0496
160.220,2.4793,-1.3365,-0.0208
160.540,2.5313,-1.3395,-0.0945
160.860,2.5828,-1.3464,-0.1708
161.180,2.6335,-1.3571,-0.2483
161.500,2.6834,-1.3718,-0.3238
161.820,2.7322,-1.3902,-0.3966
162.140,2.7799,-1.4122,-0.4655
162.460,2.8264,-1.4374,-0.5287
162.780,2.8715,-1.4657,-0.5879
163.080,2.9127,-1.4946,-0.6366
163.380,2.9530,-1.5258,-0.6776
165.600,3.0015,-1.5102,0.7028
166.480,3.0384,-1.4765,1.2027
166.880,3.0528,-1.4274,1.3474
167.220,3.0611,-1.3761,1.4718
167.560,3.0631,-1.3237,1.5887
167.880,3.0602,-1.2705,1.6435
168.180,3.0571,-1.2191,1.6102
168.500,3.0570,-1.1673,1.5314
168.840,3.0620,-1.1148,1.4172
170.340,3.0455,-1.0676,1.8312
170.760,3.0411,-1.0172,1.4975
173.680,3.0254,-0.9695,3.0365
174.000,2.9754,-0.9666,3.1373
174.340,2.9249,-0.9698,-3.0040
174.680,2.8758,-0.9805,-2.8584
175.060,2.8259,-0.9904,-3.0911
175.480,2.7748,-0.9839,2.8719
175.800,2.7266,-0.9676,2.7857
176.100,2.6771,-0.9490,2.7850
176.400,2.6282,-0.9312,2.7886
176.780,2.5808,-0.9096,2.5708
177.160,2.5402,-0.8760,2.3633
177.480,2.5044,-0.8378,2.2941
179.520,2.4558,-0.8199,-2.8956
179.860,2.4057,-0.8294,-3.0146
180.200,2.3549,-0.8328,-3.1336
180.540,2.3040,-0.8302,3.0306
182.540,2.2537,-0.8252,-2.1479
182.900,2.2293,-0.8700,-1.9893
183.260,2.2131,-0.9180,-1.7993
183.580,2.2043,-0.9674,-1.7357
183.940,2.1926,-1.0184,-1.9037
184.380,2.1673,-1.0642,-2.2628
184.760,2.1296,-1.0983,-2.4919
185.060,2.0880,-1.1283,-2.5277
185.360,2.0454,-1.1588,-2.5072
185.720,2.0033,-1.1868,-2.6768
186.100,1.9543,-1.2040,-2.8949
186.420,1.9021,-1.2153,-2.9504
186.720,1.8497,-1.2250,-2.9585
187.000,1.8004,-1.2343,-2.9551
187.320,1.7483,-1.2426,-3.0196
187.680,1.6974,-1.2437,3.0784
188.000,1.6467,-1.2380,2.9908
188.300,1.5974,-1.2291,2.9384
188.600,1.5479,-1.2177,2.8950
188.900,1.4990,-1.2043,2.8503
189.200,1.4515,-1.1887,2.7967
189.520,1.4028,-1.1693,2.7270
189.840,1.3564,-1.1467,2.6466
190.160,1.3124,-1.1205,2.5598
190.480,1.2715,-1.0907,2.4659
190.800,1.2338,-1.0574,2.3675
191.140,1.1981,-1.0184,2.2557
192.580,1.1548,-0.9919,2.8697
192.920,1.1066,-0.9753,2.7507
193.260,1.0607,-0.9531,2.6317
193.600,1.0178,-0.9256,2.5127
193.940,0.9784,-0.8933,2.3937
196.000,0.9278,-0.8986,-2.5770
196.380,0.8880,-0.9307,-2.3462
196.740,0.8534,-0.9680,-2.3964
197.180,0.8100,-0.9951,-2.7704
197.600,0.7606,-1.0047,-3.1071
197.940,0.7078,-1.0025,3.0690
198.240,0.6559,-0.9991,3.0940
198.560,0.6035,-0.9985,-3.1182
198.880,0.5529,-1.0002,3.1408
199.300,0.5018,-0.9923,2.8230
199.640,0.4558,-0.9726,2.6752
199.960,0.4090,-0.9469,2.6193
200.260,0.3628,-0.9200,2.6136
200.580,0.3175,-0.8930,2.5524
200.940,0.2772,-0.8605,2.3778
201.260,0.2423,-0.8235,2.2877
201.560,0.2100,-0.7845,2.2424
201.860,0.1787,-0.7437,2.2078
202.160,0.1491,-0.7021,2.1677
202.480,0.1205,-0.6573,2.1088
202.820,0.0979,-0.6123,1.9620
203.160,0.0808,-0.5625,1.8476
203.480,0.0691,-0.5129,1.7589
203.800,0.0616,-0.4620,1.6752
204.120,0.0584,-0.4108,1.5908
204.440,0.0596,-0.3597,1.5034
204.760,0.0654,-0.3093,1.4104
205.080,0.0758,-0.2602,1.3111
205.420,0.0922,-0.2099,1.1999
205.760,0.1140,-0.1621,1.0832
206.100,0.1413,-0.1175,0.9634
206.440,0.1736,-0.0765,0.8418
206.780,0.2106,-0.0399,0.7195
207.120,0.2518,-0.0079,0.5983
207.460,0.2968,0.0189,0.4787
207.800,0.3443,0.0400,0.3545
208.180,0.3935,0.0531,0.1214
208.620,0.4446,0.0498,-0.2526
209.060,0.4909,0.0280,-0.6266
209.500,0.5262,-0.0093,-0.9984
209.920,0.5461,-0.0560,-1.3306
210.340,0.5501,-0.1071,-1.6561
210.780,0.5366,-0.1575,-2.0163
211.220,0.5064,-0.1988,-2.3903
211.660,0.4631,-0.2262,-2.7643
212.100,0.4129,-0.2359,-3.1383
212.480,0.3626,-0.2289,2.9250
212.820,0.3135,-0.2151,2.8060
213.160,0.2665,-0.1954,2.6870
213.500,0.2221,-0.1704,2.5680
213.840,0.1810,-0.1402,2.4490
214.200,0.1428,-0.1039,2.2983
214.560,0.1122,-0.0625,2.1190
214.920,0.0892,-0.0162,1.9426
215.280,0.0749,0.0332,1.7639
215.680,0.0711,0.0838,1.4794
216.040,0.0803,0.1351,1.3320
216.380,0.0953,0.1839,1.2130
216.720,0.1159,0.2305,1.0940
217.060,0.1420,0.2743,0.9750
217.400,0.1730,0.3147,0.8560
217.740,0.2087,0.3511,0.7370
218.080,0.2484,0.3831,0.6180
218.420,0.2916,0.4101,0.4990
218.760,0.3377,0.4318,0.3800
219.100,0.3861,0.4478,0.2610
219.440,0.4360,0.4580,0.1420
220.840,0.4802,0.4835,0.5077
222.840,0.4845,0.5338,1.6805
223.160,0.4765,0.5832,1.7826
223.500,0.4625,0.6329,1.9117
223.840,0.4438,0.6802,1.9147
224.280,0.4350,0.7314,1.5510
224.640,0.4417,0.7819,1.3698
224.940,0.4532,0.8320,1.3386
225.240,0.4648,0.8831,1.3592
225.540,0.4750,0.9336,1.3726
225.880,0.4870,0.9849,1.2572
226.280,0.5099,1.0298,0.9705
226.600,0.5405,1.0694,0.8707
226.900,0.5742,1.1077,0.8309
227.200,0.6101,1.1462,0.8123
227.500,0.6460,1.1836,0.8013
229.120,0.6431,1.2345,1.5694
229.460,0.6462,1.2854,1.4504
229.800,0.6553,1.3355,1.3314
231.800,0.6631,1.3852,2.4382
232.160,0.6210,1.4156,2.6056
232.520,0.5756,1.4370,2.8014
232.860,0.5245,1.4508,2.9017
233.200,0.4746,1.4655,2.7794
233.600,0.4294,1.4893,2.4986
234.040,0.3942,1.5277,2.1371
234.400,0.3703,1.5751,1.9847
234.700,0.3499,1.6234,1.9689
235.000,0.3291,1.6712,1.9947
235.320,0.3077,1.7177,1.9503
235.720,0.2968,1.7672,1.6686
236.040,0.2944,1.8183,1.5819
236.340,0.2947,1.8702,1.5543
236.640,0.2959,1.9235,1.5444
236.940,0.2975,1.9766,1.5330
237.280,0.3014,2.0276,1.3975
237.640,0.3150,2.0784,1.2356
242.680,0.3194,2.0281,-1.4228
243.020,0.3305,1.9789,-1.2775
243.360,0.3487,1.9299,-1.1583
243.680,0.3714,1.8837,-1.0760
243.980,0.3966,1.8399,-1.0290
244.280,0.4242,1.7946,-1.0240
244.580,0.4501,1.7506,-1.0635
244.900,0.4736,1.7044,-1.1411
245.220,0.4924,1.6577,-1.2391
245.560,0.5067,1.6070,-1.3530
245.900,0.5150,1.5552,-1.4714
246.240,0.5171,1.5029,-1.5895
246.580,0.5130,1.4507,-1.7082
246.920,0.5028,1.3993,-1.8276
247.260,0.4865,1.3501,-1.9527
247.600,0.4643,1.3036,-2.0828
247.940,0.4363,1.2608,-2.2183
248.280,0.4029,1.2224,-2.3562
248.620,0.3645,1.1891,-2.4962
248.960,0.3221,1.1616,-2.6385
249.300,0.2762,1.1405,-2.7823
249.660,0.2254,1.1259,-2.9433
250.020,0.1740,1.1201,-3.1189
250.400,0.1220,1.1242,2.9467
250.820,0.0738,1.1416,2.6211
251.260,0.0349,1.1749,2.2471
251.680,0.0109,1.2188,1.9056
252.080,0.0008,1.2699,1.6399
252.460,0.0030,1.3218,1.4188
252.900,0.0198,1.3705,1.0505
253.340,0.0530,1.4094,0.6765
253.780,0.0982,1.4335,0.3025
254.220,0.1490,1.4394,-0.0715
254.660,0.1985,1.4263,-0.4455
255.100,0.2398,1.3961,-0.8195
255.460,0.2731,1.3548,-0.9544
255.800,0.3000,1.3116,-1.0734
256.140,0.3216,1.2654,-1.1924
256.480,0.3376,1.2170,-1.3114
256.820,0.3477,1.1670,-1.4304
257.160,0.3517,1.1168,-1.5626
257.520,0.3476,1.0651,-1.7362
257.880,0.3347,1.0144,-1.9034
258.240,0.3135,0.9665,-2.0699
258.600,0.2848,0.9230,-2.2398
258.960,0.2492,0.8852,-2.4126
259.320,0.2077,0.8541,-2.5870
259.680,0.1616,0.8309,-2.7643
260.040,0.1129,0.8167,-2.9533
260.420,0.0614,0.8125,3.1057
260.840,0.0109,0.8220,2.7822
261.280,-0.0328,0.8486,2.4082
261.720,-0.0638,0.8893,2.0342
262.160,-0.0778,0.9386,1.6602
262.600,-0.0728,0.9895,1.2862
263.040,-0.0495,1.0351,0.9122
263.480,-0.0111,1.0692,0.5407
263.920,0.0369,1.0869,0.1669
264.360,0.0881,1.0859,-0.2071
264.800,0.1354,1.0662,-0.5811
265.180,0.1755,1.0322,-0.7735
265.520,0.2098,0.9945,-0.8925
265.860,0.2394,0.9530,-1.0115
266.200,0.2638,0.9083,-1.1305
266.540,0.2827,0.8610,-1.2495
266.880,0.2959,0.8117,-1.3685
267.220,0.3032,0.7613,-1.4875
267.560,0.3044,0.7103,-1.6065
267.900,0.2996,0.6596,-1.7255
268.240,0.2887,0.6098,-1.8445
268.580,0.2721,0.5616,-1.9635
268.920,0.2498,0.5158,-2.0825
269.260,0.2222,0.4729,-2.2015
269.600,0.1898,0.4336,-2.3205
269.940,0.1529,0.3984,-2.4395
270.280,0.1121,0.3679,-2.5585
270.620,0.0680,0.3424,-2.6775
270.960,0.0211,0.3223,-2.7965
271.300,-0.0278,0.3079,-2.9155
271.640,-0.0781,0.2995,-3.0345
271.980,-0.1290,0.2971,3.1297
272.320,-0.1798,0.3007,3.0107
272.660,-0.2299,0.3103,2.8917
273.000,-0.2784,0.3259,2.7727
273.340,-0.3248,0.3470,2.6537
273.680,-0.3683,0.3736,2.5347
274.020,-0.4084,0.4051,2.4157
274.360,-0.4444,0.4411,2.2967
279.360,-0.4225,0.3942,-0.9275
279.680,-0.3904,0.3554,-0.8308
280.000,-0.3547,0.3199,-0.7335
280.320,-0.3154,0.2877,-0.6404
280.640,-0.2731,0.2589,-0.5549
280.960,-0.2278,0.2332,-0.4807
281.280,-0.1800,0.2101,-0.4198
281.580,-0.1328,0.1903,-0.3816
281.880,-0.0839,0.1713,-0.3614
282.160,-0.0371,0.1536,-0.3626
282.460,0.0119,0.1346,-0.3821
282.760,0.0592,0.1146,-0.4180
283.060,0.1046,0.0932,-0.4686
283.380,0.1506,0.0679,-0.5383
283.700,0.1937,0.0398,-0.6206
284.020,0.2337,0.0084,-0.7112
284.340,0.2701,-0.0262,-0.8099
284.680,0.3045,-0.0665,-0.9205
285.020,0.3338,-0.1100,-1.0388
285.360,0.3573,-0.1563,-1.1640
285.700,0.3746,-0.2049,-1.2927
286.040,0.3855,-0.2552,-1.4230
286.380,0.3898,-0.3066,-1.5527
286.720,0.3873,-0.3580,-1.6841
287.060,0.3782,-0.4082,-1.8207
287.400,0.3622,-0.4561,-1.9650
287.760,0.3383,-0.5023,-2.1365
288.120,0.3076,-0.5419,-2.3336
288.540,0.2670,-0.5733,-2.6579
288.980,0.2181,-0.5883,-3.0319
289.420,0.1671,-0.5843,2.8773
289.860,0.1210,-0.5620,2.5033
290.220,0.0826,-0.5275,2.3480
290.560,0.0491,-0.4891,2.2290
290.900,0.0203,-0.4470,2.1100
291.240,-0.0032,-0.4018,1.9910
291.580,-0.0212,-0.3541,1.8720
291.920,-0.0334,-0.3046,1.7530
292.260,-0.0396,-0.2541,1.6340
292.600,-0.0398,-0.2031,1.5150
292.940,-0.0339,-0.1525,1.3960
293.280,-0.0221,-0.1029,1.2770
293.620,-0.0045,-0.0551,1.1580
293.960,0.0187,-0.0097,1.0390
294.300,0.0471,0.0326,0.9200
294.640,0.0804,0.0713,0.8010
294.980,0.1180,0.1057,0.6820
295.320,0.1594,0.1354,0.5630
295.660,0.2040,0.1600,0.4440
296.000,0.2513,0.1791,0.3250
296.340,0.3005,0.1925,0.2060
296.680,0.3509,0.2000,0.0870
297.020,0.4018,0.2014,-0.0320
297.360,0.4526,0.1967,-0.1510
297.700,0.5024,0.1860,-0.2700
298.040,0.5507,0.1695,-0.3890
298.380,0.5966,0.1474,-0.5080
298.720,0.6396,0.1200,-0.6270
299.060,0.6790,0.0877,-0.7460
299.400,0.7143,0.0510,-0.8650
299.740,0.7450,0.0103,-0.9840
300.080,0.7706,-0.0338,-1.1030
300.420,0.7909,-0.0805,-1.2220
301.980,0.8122,-0.1273,-0.5221
302.320,0.8547,-0.1553,-0.6411
302.660,0.8937,-0.1881,-0.7601
303.000,0.9285,-0.2254,-0.8791
303.340,0.9586,-0.2665,-0.9981
303.680,0.9836,-0.3109,-1.1171
304.020,1.0032,-0.3580,-1.2361
306.080,1.0493,-0.3778,-0.1842
306.420,1.0987,-0.3901,-0.3032
306.760,1.1477,-0.4090,-0.4114
307.060,1.1941,-0.4287,-0.3697
307.400,1.2430,-0.4441,-0.2358
307.720,1.2932,-0.4544,-0.2140
308.120,1.3415,-0.4712,-0.4930
308.500,1.3826,-0.5013,-0.7099
308.840,1.4192,-0.5367,-0.8289
309.180,1.4514,-0.5763,-0.9479
309.520,1.4786,-0.6194,-1.0669
309.860,1.5000,-0.6662,-1.1966
310.160,1.5175,-0.7141,-1.2365
310.460,1.5334,-0.7623,-1.2796
310.840,1.5426,-0.8137,-1.4951
311.160,1.5439,-0.8649,-1.5797
311.460,1.5424,-0.9160,-1.6189
311.760,1.5392,-0.9680,-1.6441
312.060,1.5347,-1.0196,-1.6739
312.400,1.5268,-1.0714,-1.7919
312.740,1.5120,-1.1210,-1.9184
313.060,1.4924,-1.1682,-2.0064
313.380,1.4687,-1.2142,-2.0846
313.700,1.4414,-1.2586,-2.1593
314.020,1.4110,-1.3006,-2.2358
314.340,1.3776,-1.3398,-2.3186
314.660,1.3414,-1.3756,-2.4075
314.980,1.3022,-1.4078,-2.5011
315.300,1.2606,-1.4358,-2.6007
315.640,1.2138,-1.4604,-2.7130
315.980,1.1649,-1.4794,-2.8309
316.320,1.1144,-1.4923,-2.9532
316.660,1.0631,-1.4987,-3.0798
320.760,1.1120,-1.5177,-0.2793
321.080,1.1633,-1.5306,-0.2155
321.380,1.2133,-1.5404,-0.1751
321.680,1.2643,-1.5486,-0.1429
321.980,1.3156,-1.5552,-0.1122
322.280,1.3671,-1.5602,-0.0816
322.580,1.4184,-1.5635,-0.0478
322.880,1.4697,-1.5650,-0.0109
323.180,1.5208,-1.5646,0.0279
323.480,1.5718,-1.5622,0.0680
323.780,1.6225,-1.5577,0.1091
324.080,1.6731,-1.5511,0.1497
324.380,1.7235,-1.5425,0.1877
324.680,1.7738,-1.5320,0.2229
324.980,1.8240,-1.5197,0.2546
325.280,1.8742,-1.5059,0.2807
325.580,1.9244,-1.4909,0.3016
325.880,1.9749,-1.4747,0.3156
326.160,2.0224,-1.4591,0.3205
326.440,2.0701,-1.4433,0.3186
326.740,2.1207,-1.4268,0.3082
327.040,2.1711,-1.4112,0.2909
327.340,2.2211,-1.3969,0.2643
327.640,2.2711,-1.3842,0.2325
327.940,2.3210,-1.3734,0.1930
328.240,2.3708,-1.3648,0.1462
328.540,2.4206,-1.3588,0.0934
328.860,2.4735,-1.3555,0.0315
329.180,2.5260,-1.3556,-0.0366
329.500,2.5783,-1.3594,-0.1068
329.820,2.6301,-1.3668,-0.1776
330.140,2.6812,-1.3778,-0.2487
330.460,2.7316,-1.3925,-0.3169
330.780,2.7812,-1.4106,-0.3822
331.100,2.8299,-1.4319,-0.4425
331.400,2.8746,-1.4546,-0.4948
331.700,2.9184,-1.4796,-0.5423
332.000,2.9614,-1.5068,-0.5846
334.060,3.0103,-1.4914,0.6721
334.840,3.0468,-1.4548,1.0642
335.180,3.0694,-1.4077,1.1834
335.520,3.0861,-1.3584,1.3073
335.860,3.0964,-1.3075,1.4319
336.180,3.1008,-1.2572,1.5266
336.480,3.1021,-1.2051,1.5498
336.780,3.1041,-1.1543,1.5074
338.440,3.1018,-1.1033,2.2710
338.880,3.0767,-1.0587,1.8970
341.220,3.0304,-1.0347,3.1323
341.540,2.9795,-1.0364,-3.0610
341.880,2.9278,-1.0436,-2.9400
342.220,2.8781,-1.0552,-2.9563
342.640,2.8260,-1.0559,3.0171
342.960,2.7756,-1.0468,2.9335
343.260,2.7239,-1.0356,2.9323
343.560,2.6739,-1.0254,2.9260
343.920,2.6261,-1.0106,2.7303
344.260,2.5794,-0.9864,2.6154
344.560,2.5359,-0.9598,2.5759
344.860,2.4922,-0.9312,2.5509
345.160,2.4502,-0.9023,2.5101
346.740,2.3998,-0.8926,-3.0799
347.080,2.3489,-0.8927,3.0842
347.420,2.2982,-0.8868,2.9652
347.760,2.2487,-0.8749,2.8462
349.820,2.1994,-0.8667,-2.2804
350.180,2.1691,-0.9085,-2.1040
350.540,2.1479,-0.9541,-1.9095
350.880,2.1339,-1.0054,-1.8162
351.220,2.1189,-1.0542,-1.9535
351.640,2.0929,-1.0988,-2.2730
352.080,2.0528,-1.1314,-2.6401
352.420,2.0061,-1.1522,-2.7697
352.720,1.9570,-1.1706,-2.7871
353.020,1.9080,-1.1892,-2.7663
353.360,1.8594,-1.2069,-2.8874
353.740,1.8071,-1.2135,-3.0944
354.060,1.7557,-1.2135,3.1063
354.360,1.7039,-1.2108,3.0771
354.660,1.6509,-1.2070,3.0657
354.960,1.5997,-1.2026,3.0311
355.300,1.5484,-1.1939,2.9074
355.620,1.5001,-1.1797,2.8104
355.940,1.4514,-1.1609,2.7373
356.260,1.4034,-1.1385,2.6752
356.580,1.3570,-1.1133,2.6111
356.900,1.3127,-1.0852,2.5412
357.220,1.2712,-1.0544,2.4625
357.540,1.2327,-1.0205,2.3763
358.720,1.1878,-0.9929,2.8076
359.060,1.1408,-0.9733,2.6886
359.400,1.0963,-0.9483,2.5696
361.420,1.0524,-0.9245,-2.6104
361.760,1.0089,-0.9529,-2.5008
362.120,0.9695,-0.9875,-2.3347
362.440,0.9358,-1.0261,-2.2878
362.820,0.8990,-1.0624,-2.5118
363.260,0.8527,-1.0843,-2.8858
363.620,0.8011,-1.0923,-3.0492
363.920,0.7491,-1.0964,-3.0610
364.220,0.6982,-1.1014,-3.0228
364.520,0.6485,-1.1085,-2.9728
364.900,0.5986,-1.1121,3.0668
365.240,0.5488,-1.1042,2.9248
365.540,0.4993,-1.0920,2.8849
365.840,0.4483,-1.0781,2.8685
366.140,0.3984,-1.0638,2.8412
370.640,0.4397,-1.0934,-0.4592
370.960,0.4860,-1.1134,-0.3625
371.280,0.5344,-1.1293,-0.2727
371.600,0.5838,-1.1408,-0.1809
371.920,0.6338,-1.1474,-0.0837
372.260,0.6868,-1.1490,0.0256
372.600,0.7395,-1.1447,0.1385
372.920,0.7895,-1.1352,0.2273
373.220,0.8386,-1.1225,0.2716
373.520,0.8885,-1.1088,0.2500
373.840,0.9390,-1.0978,0.1702
374.180,0.9912,-1.0918,0.0545
374.520,1.0428,-1.0923,-0.0747
374.860,1.0942,-1.0994,-0.1996
375.200,1.1452,-1.1128,-0.3129
375.520,1.1922,-1.1307,-0.4125
375.840,1.2373,-1.1531,-0.5098
376.160,1.2798,-1.1797,-0.6092
376.480,1.3194,-1.2104,-0.7107
376.820,1.3574,-1.2470,-0.8240
377.160,1.3907,-1.2875,-0.9417
377.500,1.4187,-1.3314,-1.0650
377.840,1.4407,-1.3780,-1.1941
378.180,1.4565,-1.4270,-1.3248
378.520,1.4657,-1.4776,-1.4564
378.860,1.4682,-1.5290,-1.5874
379.200,1.4640,-1.5802,-1.7196
379.540,1.4531,-1.6300,-1.8562
382.440,1.4974,-1.6537,-0.0533
382.760,1.5492,-1.6545,0.0240
383.080,1.6004,-1.6512,0.1094
383.400,1.6507,-1.6433,0.1986
383.720,1.7002,-1.6311,0.2876
384.040,1.7486,-1.6144,0.3748
384.360,1.7957,-1.5936,0.4565
384.680,1.8418,-1.5688,0.5271
384.980,1.8844,-1.5424,0.5800
385.280,1.9265,-1.5135,0.6193
385.580,1.9688,-1.4826,0.6405
385.880,2.0114,-1.4504,0.6487
386.180,2.0538,-1.4187,0.6340
386.480,2.0958,-1.3888,0.6018
386.780,2.1380,-1.3612,0.5530
387.100,2.1837,-1.3350,0.4868
387.420,2.2305,-1.3124,0.4113
387.740,2.2782,-1.2939,0.3251
388.060,2.3268,-1.2800,0.2303
388.380,2.3761,-1.2710,0.1296
388.720,2.4286,-1.2672,0.0137
389.060,2.4806,-1.2696,-0.1082
389.400,2.5317,-1.2784,-0.2343
389.740,2.5812,-1.2936,-0.3610
390.080,2.6284,-1.3149,-0.4870
390.420,2.6726,-1.3420,-0.6129
390.760,2.7129,-1.3744,-0.7410
391.100,2.7484,-1.4114,-0.8746
391.440,2.7781,-1.4525,-1.0160
391.800,2.8018,-1.4988,-1.1879
392.180,2.8156,-1.5477,-1.4233
392.620,2.8141,-1.5995,-1.7878
393.060,2.7940,-1.6466,-2.1618
397.280,2.8354,-1.6182,0.6904
397.600,2.8744,-1.5834,0.7625
397.920,2.9113,-1.5458,0.8295
398.240,2.9452,-1.5060,0.9002
398.560,2.9759,-1.4641,0.9767
398.880,3.0030,-1.4203,1.0592
399.200,3.0261,-1.3747,1.1451
399.520,3.0452,-1.3272,1.2321
399.840,3.0601,-1.2783,1.3189
400.160,3.0709,-1.2277,1.3975
400.460,3.0786,-1.1770,1.4345
400.760,3.0862,-1.1261,1.4019
402.480,3.0674,-1.0782,1.9835
402.920,3.0560,-1.0285,1.6132
405.080,3.0064,-1.0170,2.9378
405.400,2.9555,-1.0084,3.0182
405.740,2.9035,-1.0050,3.1398
406.080,2.8522,-1.0083,-3.0120
406.400,2.8008,-1.0151,-3.0559
406.820,2.7500,-1.0119,2.8976
407.180,2.7030,-0.9942,2.7063
407.480,2.6579,-0.9716,2.6592
407.780,2.6108,-0.9467,2.6569
408.080,2.5640,-0.9225,2.6744
408.440,2.5187,-0.8962,2.5082
408.780,2.4809,-0.8632,2.3630
410.640,2.4290,-0.8632,-3.0057
410.980,2.3782,-0.8671,-3.1247
411.320,2.3272,-0.8650,3.0395
411.660,2.2769,-0.8568,2.9205
412.000,2.2280,-0.8427,2.8015
414.080,2.1897,-0.8754,-2.1292
414.460,2.1667,-0.9225,-1.9150
414.800,2.1532,-0.9730,-1.8042
415.120,2.1401,-1.0239,-1.8707
415.520,2.1189,-1.0711,-2.1422
415.940,2.0845,-1.1079,-2.4761
416.280,2.0409,-1.1373,-2.5886
416.580,1.9956,-1.1648,-2.5978
416.920,1.9508,-1.1886,-2.7356
417.240,1.9024,-1.2070,-2.8125
417.540,1.8540,-1.2226,-2.8548
417.900,1.8047,-1.2329,-3.0474
418.240,1.7528,-1.2341,3.1130
418.540,1.7028,-1.2313,3.0602
418.840,1.6514,-1.2263,3.0281
419.140,1.5996,-1.2197,3.0039
419.440,1.5485,-1.2119,2.9728
419.760,1.4994,-1.2012,2.8739
420.080,1.4514,-1.1854,2.7797
420.400,1.4042,-1.1652,2.6953
420.720,1.3587,-1.1411,2.6132
421.040,1.3154,-1.1134,2.5300
421.360,1.2746,-1.0822,2.4451
421.680,1.2371,-1.0478,2.3541
422.000,1.2034,-1.0105,2.2560
423.380,1.1571,-0.9865,2.8238
423.720,1.1097,-0.9677,2.7048
424.060,1.0649,-0.9434,2.5858
424.400,1.0233,-0.9140,2.4668
426.480,0.9748,-0.9314,-2.4899
426.840,0.9376,-0.9657,-2.2998
427.180,0.9068,-1.0058,-2.2126
427.560,0.8725,-1.0435,-2.4466
428.000,0.8278,-1.0684,-2.8206
428.380,0.7759,-1.0784,-3.0236
428.680,0.7242,-1.0835,-3.0464
428.980,0.6731,-1.0892,-3.0119
429.300,0.6214,-1.0948,-3.0724
429.700,0.5692,-1.0915,2.9502
430.020,0.5197,-1.0792,2.8615
430.320,0.4697,-1.0640,2.8394
430.600,0.4220,-1.0490,2.8342
430.900,0.3738,-1.0330,2.7907
435.620,0.4164,-1.0642,-0.4753
435.960,0.4649,-1.0858,-0.3667
436.280,0.5133,-1.1019,-0.2785
436.600,0.5634,-1.1140,-0.1966
436.920,0.6141,-1.1220,-0.1125
437.240,0.6650,-1.1255,-0.0239
437.560,0.7157,-1.1244,0.0683
437.880,0.7664,-1.1186,0.1574
438.200,0.8181,-1.1084,0.2225
438.500,0.8695,-1.0962,0.2380
438.800,0.9187,-1.0852,0.1899
439.120,0.9686,-1.0779,0.0933
439.460,1.0203,-1.0764,-0.0342
439.800,1.0719,-1.0814,-0.1593
440.140,1.1233,-1.0928,-0.2753
440.480,1.1733,-1.1100,-0.3865
440.800,1.2187,-1.1312,-0.4881
441.120,1.2618,-1.1569,-0.5874
441.440,1.3022,-1.1868,-0.6865
441.780,1.3412,-1.2225,-0.7976
442.120,1.3757,-1.2622,-0.9134
442.460,1.4052,-1.3054,-1.0326
442.800,1.4289,-1.3515,-1.1586
443.140,1.4465,-1.4000,-1.2876
443.480,1.4577,-1.4503,-1.4183
443.820,1.4622,-1.5016,-1.5482
444.160,1.4599,-1.5529,-1.6811
444.500,1.4509,-1.6031,-1.8179
444.840,1.4351,-1.6511,-1.9612
447.940,1.4860,-1.6637,0.0371
448.260,1.5368,-1.6596,0.1270
448.580,1.5866,-1.6508,0.2215
448.900,1.6353,-1.6374,0.3161
449.220,1.6829,-1.6194,0.4068
449.540,1.7292,-1.5971,0.4902
449.860,1.7742,-1.5708,0.5637
450.180,1.8184,-1.5410,0.6213
450.480,1.8594,-1.5104,0.6602
450.780,1.9006,-1.4776,0.6789
451.080,1.9421,-1.4440,0.6781
451.380,1.9832,-1.4116,0.6549
451.680,2.0242,-1.3813,0.6141
451.980,2.0659,-1.3535,0.5620
452.300,2.1112,-1.3270,0.4930
452.620,2.1574,-1.3045,0.4100
452.940,2.2048,-1.2865,0.3165
453.260,2.2532,-1.2733,0.2164
453.600,2.3052,-1.2649,0.1028
453.940,2.3575,-1.2626,-0.0163
454.280,2.4093,-1.2666,-0.1406
454.620,2.4600,-1.2771,-0.2674
454.960,2.5089,-1.2939,-0.3950
455.300,2.5552,-1.3168,-0.5235
455.640,2.5981,-1.3454,-0.6533
455.980,2.6366,-1.3791,-0.7877
456.320,2.6699,-1.4176,-0.9260
456.680,2.6982,-1.4621,-1.0885
457.040,2.7171,-1.5084,-1.2861
457.460,2.7242,-1.5595,-1.6071
457.900,2.7129,-1.6095,-1.9811
458.340,2.6844,-1.6514,-2.3461
462.720,2.7255,-1.6176,0.7309
463.040,2.7635,-1.5811,0.7974
463.340,2.7982,-1.5439,0.8396
463.640,2.8320,-1.5049,0.8709
463.940,2.8649,-1.4647,0.8987
464.240,2.8966,-1.4237,0.9275
464.540,2.9270,-1.3818,0.9589
464.840,2.9558,-1.3392,0.9932
465.140,2.9830,-1.2958,1.0311
465.440,3.0083,-1.2515,1.0709
465.740,3.0319,-1.2063,1.1112
466.040,3.0536,-1.1601,1.1507
467.900,3.0626,-1.1094,2.1299
468.340,3.0440,-1.0617,1.7564
470.900,3.0198,-1.0159,2.9555
471.220,2.9674,-1.0074,3.0164
471.560,2.9148,-1.0036,3.1304
471.900,2.8632,-1.0064,-3.0248
472.240,2.8112,-1.0150,-2.9808
472.660,2.7592,-1.0164,2.9870
473.080,2.7098,-0.9996,2.6769
473.400,2.6646,-0.9743,2.6008
473.700,2.6193,-0.9466,2.5945
474.000,2.5742,-0.9198,2.6153
474.300,2.5286,-0.8939,2.6364
474.680,2.4850,-0.8651,2.4234
476.580,2.4369,-0.8495,-3.0332
476.920,2.3860,-0.8520,3.1310
477.260,2.3351,-0.8485,3.0120
477.600,2.2851,-0.8389,2.8930
479.660,2.2523,-0.8786,-2.0603
480.020,2.2318,-0.9264,-1.8877
480.380,2.2196,-0.9783,-1.7491
480.700,2.2091,-1.0273,-1.8491
481.120,2.1878,-1.0738,-2.1761
481.500,2.1535,-1.1107,-2.4135
481.800,2.1149,-1.1430,-2.4619
482.100,2.0735,-1.1765,-2.4583
482.420,2.0335,-1.2089,-2.5198
482.780,1.9891,-1.2344,-2.6845
483.120,1.9420,-1.2542,-2.8031
483.440,1.8930,-1.2688,-2.8910
483.740,1.8435,-1.2803,-2.9326
484.040,1.7928,-1.2902,-2.9646
484.360,1.7429,-1.2976,-3.0612
484.720,1.6909,-1.2968,3.0506
485.040,1.6405,-1.2898,2.9614
485.360,1.5889,-1.2786,2.8962
485.680,1.5377,-1.2641,2.8375
486.000,1.4874,-1.2467,2.7780
486.320,1.4387,-1.2264,2.7132
486.640,1.3918,-1.2030,2.6430
486.960,1.3474,-1.1765,2.5639
487.280,1.3057,-1.1468,2.4777
487.600,1.2674,-1.1138,2.3829
487.920,1.2329,-1.0776,2.2807
488.260,1.2010,-1.0359,2.1636
489.620,1.1568,-1.0121,2.7280
489.960,1.1114,-0.9889,2.6090
490.300,1.0691,-0.9604,2.4900
492.380,1.0169,-0.9563,-2.6085
492.720,0.9745,-0.9850,-2.4749
493.080,0.9364,-1.0206,-2.3051
493.460,0.9002,-1.0573,-2.4812
493.900,0.8546,-1.0807,-2.8518
494.240,0.8027,-1.0925,-2.9548
494.540,0.7510,-1.1022,-2.9465
494.840,0.7011,-1.1131,-2.9066
495.240,0.6500,-1.1211,3.1300
495.640,0.6007,-1.1122,2.8410
495.960,0.5522,-1.0945,2.7623
496.260,0.5033,-1.0744,2.7495
496.560,0.4541,-1.0544,2.7615
496.860,0.4051,-1.0354,2.7804
497.160,0.3575,-1.0175,2.7524
497.540,0.3135,-0.9930,2.5135
497.880,0.2741,-0.9597,2.3853
498.200,0.2373,-0.9224,2.3149
498.500,0.2040,-0.8843,2.2688
498.800,0.1720,-0.8446,2.2292
499.100,0.1416,-0.8037,2.1882
499.400,0.1133,-0.7618,2.1422
499.700,0.0872,-0.7189,2.0911
500.020,0.0625,-0.6723,2.0248
500.340,0.0416,-0.6251,1.9446
500.660,0.0251,-0.5769,1.8549
500.980,0.0132,-0.5277,1.7609
501.300,0.0061,-0.4779,1.6627
501.640,0.0042,-0.4251,1.5499
501.980,0.0084,-0.3731,1.4284
502.320,0.0190,-0.3225,1.3016
502.660,0.0359,-0.2740,1.1687
503.000,0.0590,-0.2284,1.0329
503.340,0.0880,-0.1866,0.8947
503.680,0.1226,-0.1492,0.7566
504.020,0.1618,-0.1169,0.6171
504.400,0.2057,-0.0928,0.3819
504.740,0.2541,-0.0766,0.2629
505.080,0.3040,-0.0663,0.1439
505.420,0.3548,-0.0620,0.0249
505.760,0.4057,-0.0638,-0.0941
506.100,0.4561,-0.0716,-0.2131
506.440,0.5052,-0.0853,-0.3321
506.780,0.5523,-0.1048,-0.4511
507.120,0.5968,-0.1297,-0.5701
507.460,0.6380,-0.1597,-0.6891
507.800,0.6753,-0.1944,-0.8081
510.100,0.7238,-0.1731,0.5994
510.420,0.7648,-0.1426,0.6867
510.760,0.8038,-0.1069,0.7992
511.080,0.8394,-0.0685,0.7993
511.520,0.8813,-0.0391,0.4253
511.860,0.9292,-0.0219,0.2920
512.160,0.9792,-0.0078,0.2693
512.460,1.0300,0.0066,0.2861
512.760,1.0788,0.0214,0.2840
513.140,1.1279,0.0305,0.0387
513.500,1.1796,0.0274,-0.1349
513.820,1.2308,0.0183,-0.2084
514.120,1.2813,0.0067,-0.2381
514.420,1.3327,-0.0062,-0.2524
514.720,1.3839,-0.0198,-0.2661
515.020,1.4342,-0.0340,-0.2887
515.340,1.4844,-0.0502,-0.3549
515.680,1.5322,-0.0714,-0.4741
516.000,1.5759,-0.0966,-0.5709
516.320,1.6176,-0.1261,-0.6576
516.640,1.6571,-0.1592,-0.7397
516.960,1.6934,-0.1953,-0.8256
518.440,1.7417,-0.2121,-0.1737
518.780,1.7913,-0.2239,-0.2927
519.120,1.8391,-0.2415,-0.4117
519.460,1.8845,-0.2646,-0.5307
519.800,1.9269,-0.2930,-0.6497
521.740,1.9681,-0.3217,0.4247
522.120,2.0129,-0.2956,0.6348
522.500,2.0500,-0.2609,0.8691
522.880,2.0858,-0.2250,0.6397
523.320,2.1318,-0.2026,0.2657
523.700,2.1837,-0.1958,0.0571
524.000,2.2355,-0.1934,0.0496
524.300,2.2865,-0.1901,0.0881
524.680,2.3383,-0.1895,-0.1305
525.080,2.3880,-0.2043,-0.3962
525.380,2.4339,-0.2251,-0.4432
525.680,2.4816,-0.2478,-0.4367
525.980,2.5291,-0.2691,-0.4104
526.360,2.5739,-0.2936,-0.6348
526.720,2.6106,-0.3277,-0.8291
527.040,2.6448,-0.3680,-0.8925
529.100,2.6960,-0.3613,0.1863
529.440,2.7465,-0.3548,0.0673
529.780,2.7975,-0.3544,-0.0517
530.120,2.8481,-0.3601,-0.1707
530.460,2.8978,-0.3717,-0.2897
532.520,2.9325,-0.3352,1.0603
532.900,2.9530,-0.2872,1.2776
533.240,2.9642,-0.2365,1.3661
533.620,2.9792,-0.1884,1.1245
534.040,3.0096,-0.1458,0.8254
534.380,3.0468,-0.1101,0.7100
534.700,3.0883,-0.0769,0.6514
535.040,3.1305,-0.0477,0.5181
535.380,3.1760,-0.0268,0.3712
535.700,3.2260,-0.0094,0.3087
536.000,3.2769,0.0064,0.2987
536.340,3.3258,0.0193,0.1556
536.720,3.3759,0.0198,-0.0854
537.040,3.4267,0.0130,-0.1702
537.340,3.4773,0.0034,-0.2035
537.640,3.5285,-0.0078,-0.2249
537.940,3.5799,-0.0200,-0.2409
538.240,3.6305,-0.0330,-0.2649
538.560,3.6785,-0.0481,-0.3621
538.900,3.7253,-0.0696,-0.4921
539.220,3.7689,-0.0957,-0.5841
539.540,3.8107,-0.1259,-0.6654
539.860,3.8500,-0.1594,-0.7457
540.180,3.8863,-0.1958,-0.8290
540.500,3.9191,-0.2349,-0.9169
540.820,3.9480,-0.2764,-1.0115
541.140,3.9725,-0.3202,-1.1112
541.480,3.9933,-0.3688,-1.2231
545.420,4.0238,-0.3284,1.3000
545.740,4.0351,-0.2789,1.3921
546.060,4.0419,-0.2284,1.4817
546.380,4.0443,-0.1769,1.5635
546.700,4.0428,-0.1244,1.6312
547.000,4.0385,-0.0742,1.6802
547.300,4.0319,-0.0235,1.7188
547.600,4.0236,0.0283,1.7397
547.900,4.0143,0.0802,1.7564
548.200,4.0041,0.1318,1.7760
548.500,3.9929,0.1827,1.8011
548.800,3.9803,0.2327,1.8336
549.100,3.9661,0.2816,1.8748
549.400,3.9499,0.3295,1.9218
549.700,3.9314,0.3761,1.9740
550.020,3.9091,0.4243,2.0349
550.340,3.8839,0.4710,2.0961
550.640,3.8575,0.5141,2.1411
550.940,3.8286,0.5584,2.1495
551.240,3.8006,0.6023,2.1226
551.540,3.7754,0.6455,2.0700
551.860,3.7527,0.6914,1.9835
552.180,3.7350,0.7382,1.8819
552.520,3.7217,0.7892,1.7677
552.860,3.7144,0.8413,1.6523
553.200,3.7132,0.8938,1.5349
553.540,3.7182,0.9460,1.4171
553.880,3.7292,0.9971,1.2979
554.220,3.7463,1.0461,1.1729
554.560,3.7693,1.0923,1.0431
554.900,3.7980,1.1347,0.9090
555.240,3.8320,1.1728,0.7728
555.580,3.8709,1.2058,0.6363
555.920,3.9139,1.2333,0.4992
556.260,3.9600,1.2543,0.3577
556.600,4.0082,1.2684,0.2098
560.060,4.0260,1.3158,2.1864
560.380,3.9947,1.3565,2.2705
560.700,3.9601,1.3942,2.3574
561.020,3.9222,1.4288,2.4424
561.340,3.8814,1.4604,2.5227
561.660,3.8377,1.4892,2.5934
561.980,3.7914,1.5156,2.6512
562.280,3.7458,1.5387,2.6907
562.580,3.6986,1.5607,2.7167
562.880,3.6500,1.5823,2.7276
564.900,3.5988,1.5832,-2.4402
565.240,3.5580,1.5526,-2.5592
565.580,3.5138,1.5272,-2.6782
565.920,3.4670,1.5071,-2.7972
566.260,3.4180,1.4928,-2.9162
568.340,3.3822,1.4575,-1.6506
568.720,3.3840,1.4069,-1.4137
569.060,3.3965,1.3577,-1.2959
569.440,3.4056,1.3083,-1.5397
569.880,3.3976,1.2576,-1.9112
570.240,3.3754,1.2126,-2.1031
570.540,3.3484,1.1701,-2.1459
570.840,3.3212,1.1266,-2.1099
571.140,3.2950,1.0824,-2.1280
571.520,3.2641,1.0422,-2.3659
571.920,3.2222,1.0125,-2.6367
572.240,3.1749,0.9887,-2.6986
572.540,3.1266,0.9660,-2.7013
572.840,3.0786,0.9431,-2.6903
573.160,3.0319,0.9207,-2.7582
573.560,2.9814,0.9085,-3.0247
573.900,2.9288,0.9058,-3.1378
574.200,2.8783,0.9069,3.0979
574.500,2.8266,0.9099,3.0690
574.800,2.7747,0.9144,3.0432
575.100,2.7232,0.9202,3.0135
575.400,2.6728,0.9277,2.9726
575.700,2.6236,0.9374,2.9202
576.020,2.5730,0.9506,2.8486
576.340,2.5244,0.9674,2.7660
576.660,2.4780,0.9882,2.6752
576.980,2.4340,1.0130,2.5789
577.300,2.3931,1.0418,2.4776
577.640,2.3535,1.0766,2.3627
577.980,2.3186,1.1154,2.2418
578.320,2.2891,1.1578,2.1142
579.980,2.2478,1.1905,2.8549
580.320,2.1999,1.2078,2.7359
580.660,2.1543,1.2306,2.6169
581.000,2.1118,1.2587,2.4979
581.340,2.0729,1.2917,2.3789
583.400,2.0216,1.2914,-2.6188
583.780,1.9796,1.2607,-2.3989
584.140,1.9436,1.2256,-2.4424
584.580,1.8990,1.2005,-2.8164
585.000,1.8466,1.1923,-3.1128
585.300,1.7965,1.1926,3.1227
585.600,1.7456,1.1927,-3.1193
585.920,1.6928,1.1898,-3.0550
586.340,1.6408,1.1924,2.9155
586.760,1.5936,1.2127,2.5946
587.100,1.5517,1.2428,2.4681
587.400,1.5110,1.2762,2.4522
587.700,1.4700,1.3094,2.4691
588.000,1.4290,1.3412,2.4971
588.300,1.3871,1.3719,2.5058
590.240,1.3349,1.3768,-2.9248
590.580,1.2845,1.3688,-3.0438
590.920,1.2336,1.3669,3.1204
591.260,1.1828,1.3710,3.0014
591.600,1.1329,1.3811,2.8824
593.620,1.0937,1.3475,-2.1105
594.000,1.0715,1.2999,-1.8966
594.360,1.0594,1.2483,-1.7658
594.680,1.0482,1.1995,-1.8672
595.100,1.0255,1.1543,-2.1948
595.440,0.9933,1.1148,-2.3138
595.780,0.9567,1.0794,-2.4328
596.120,0.9161,1.0486,-2.5518
596.460,0.8721,1.0228,-2.6708
596.800,0.8254,1.0024,-2.7898
597.140,0.7751,0.9873,-2.9001
597.440,0.7257,0.9764,-2.9452
597.740,0.6755,0.9672,-2.9850
598.080,0.6244,0.9618,-3.1167
598.420,0.5727,0.9641,3.0397
598.740,0.5208,0.9715,2.9702
599.040,0.4712,0.9813,2.9239
599.340,0.4220,0.9933,2.8791
599.640,0.3737,1.0075,2.8300
599.960,0.3239,1.0253,2.7658
600.280,0.2764,1.0461,2.6887
600.600,0.2315,1.0704,2.6006
600.920,0.1893,1.0985,2.5082
601.240,0.1502,1.1302,2.4105
601.560,0.1147,1.1655,2.3088
601.900,0.0814,1.2064,2.1952
602.240,0.0534,1.2506,2.0749
602.580,0.0313,1.2974,1.9481
602.920,0.0155,1.3463,1.8163
603.260,0.0065,1.3966,1.6813
607.140,-0.0150,1.3509,-1.9183
607.460,-0.0296,1.3031,-1.8161
607.800,-0.0396,1.2510,-1.7061
608.120,-0.0439,1.2009,-1.6071
608.440,-0.0434,1.1501,-1.5164
608.760,-0.0384,1.0984,-1.4395
609.080,-0.0299,1.0458,-1.3824
609.380,-0.0193,0.9951,-1.3522
609.680,-0.0075,0.9431,-1.3457
609.980,0.0041,0.8914,-1.3587
610.280,0.0142,0.8408,-1.3911
610.580,0.0220,0.7913,-1.4434
610.900,0.0268,0.7393,-1.5158
611.220,0.0275,0.6880,-1.6009
611.540,0.0237,0.6375,-1.6937
611.860,0.0151,0.5881,-1.7949
612.200,0.0005,0.5374,-1.9087
612.540,-0.0198,0.4892,-2.0280
612.880,-0.0455,0.4442,-2.1534
613.220,-0.0766,0.4032,-2.2850
613.560,-0.1126,0.3668,-2.4187
613.900,-0.1532,0.3356,-2.5532
614.240,-0.1976,0.3100,-2.6873
614.580,-0.2448,0.2909,-2.8253
614.920,-0.2937,0.2786,-2.9699
615.280,-0.3458,0.2740,-3.1383
618.460,-0.3189,0.2283,-0.9753
618.780,-0.2884,0.1873,-0.8879
619.100,-0.2545,0.1493,-0.7978
619.420,-0.2174,0.1145,-0.7079
619.740,-0.1771,0.0829,-0.6214
620.060,-0.1338,0.0545,-0.5427
620.380,-0.0878,0.0288,-0.4768
620.680,-0.0424,0.0068,-0.4283
620.980,0.0049,-0.0137,-0.3959
621.280,0.0539,-0.0337,-0.3823
621.580,0.1032,-0.0537,-0.3929
621.880,0.1512,-0.0742,-0.4180
622.180,0.1971,-0.0958,-0.4619
622.500,0.2438,-0.1208,-0.5247
622.820,0.2877,-0.1485,-0.6007
623.140,0.3288,-0.1792,-0.6852
623.460,0.3666,-0.2131,-0.7771
623.780,0.4007,-0.2501,-0.8755
624.120,0.4323,-0.2925,-0.9871
624.460,0.4586,-0.3378,-1.1060
624.800,0.4790,-0.3856,-1.2299
